GURASU.wav,,,,,,,
RD0201A.wav,,S8.SDS,2,5,,,
RD0201B.wav,,S8.SDS,6,,,,
RD0201C.wav,,S8.SDS,33,,,,
RD0201D.wav,,S8.SDS,28,,,,
RD0201E.wav,,S8.SDS,29,,,,
RD0201F.wav,,S8.SDS,32,,,,
RD0301.wav,,S8.SDS,4,,,,
RD0302A.wav,,S8.SDS,35,,,,
RD0302B.wav,,S8.SDS,39,,,,
RD0302C.wav,,S8.SDS,42,,,,
RD0401A.wav,,S62.SDS,1,,,,
RD0401B.wav,,S62.SDS,5,,,,
RD0501A.wav,,S41.SDS,92,,,,
RD0501B.wav,,S41.SDS,95,,,,
RD0501C.wav,,S41.SDS,98,,,,
RD0502.wav,,S41.SDS,110,,,,
RD0503.wav,,S41.SDS,113,,,,
RD0504.wav,,S41.SDS,111,,,,
RD0505.wav,,S41.SDS,99,,,,
RD0506.wav,,S41.SDS,100,,,,
RD0507.wav,,S41.SDS,102,,,,
RD0508.wav,,S41.SDS,103,,,,
RD0509A.wav,,S41.SDS,104,,,,
RD0509B.wav,,S41.SDS,106,,,,
RD0509C.wav,,S41.SDS,107,,,,
RD0601A.wav,,S41.SDS,55,,,,
RD0601B.wav,,S41.SDS,59,,,,
RD0602.wav,,S41.SDS,63,,,,
RD0603A.wav,,S41.SDS,65,,,,
RD0603B.wav,,S41.SDS,67,,,,
RD0604.wav,,S41.SDS,69,,,,
RD0605.wav,,S41.SDS,74,,,,
RD0606.wav,,S41.SDS,89,,,,
RD0607.wav,,S41.SDS,77,,,,
RD0608.wav,,S41.SDS,78,,,,
RD0609A.wav,,S41.SDS,82,,,,
RD0609B.wav,,S41.SDS,85,,,,
RD0610.wav,,S41.SDS,90,,,,
RD0701A.wav,,S50.SDS,26,,,,
RD0701B.wav,,S50.SDS,28,,,,
RD0801.wav,,S44.SDS,3,,,,
RD0802A.wav,,S44.SDS,5,,,,
RD0802B.wav,,S44.SDS,7,,,,
RD0803.wav,,S44.SDS,9,,,,
RD0804.wav,,S44.SDS,13,,,,
RD0805.wav,,S44.SDS,16,,,,
RD0806A.wav,,S44.SDS,18,,,,
RD0806B.wav,,S44.SDS,21,,,,
RD0806C.wav,,S44.SDS,22,,,,
RD0807A.wav,,S44.SDS,23,,,,
RD0807B.wav,,S44.SDS,25,,,,
RD0808.wav,,S44.SDS,27,,,,
RD0809A.wav,,S44.SDS,29,,,,
RD0809B.wav,,S44.SDS,30,,,,
RD0810A.wav,,S44.SDS,33,,,,
RD0810B.wav,,S44.SDS,34,,,,
RD0811.wav,,S44.SDS,37,,,,
RD0812.wav,,S44.SDS,79,,,,
RD0813.wav,,S44.SDS,78,,,,
RD0814.wav,,S44.SDS,76,,,,
RD0901A.wav,,S48.SDS,15,,,,
RD0901B.wav,,S48.SDS,17,,,,
RD0902.wav,,S48.SDS,20,,,,
RD0903.wav,,S48.SDS,22,,,,
RD0904.wav,,S48.SDS,23,,,,
RD0906.wav,,S48.SDS,24,,,,
RD0907.wav,,S48.SDS,79,,,,
RD0908.wav,,S48.SDS,27,,,,
RD0909.wav,,S48.SDS,20,,,,
RD0910.wav,,S48.SDS,97,,,,
RD0911.wav,,S48.SDS,35,,,,
RD0912.wav,,S48.SDS,143,,,,
RD0913.wav,,S48.SDS,219,,,,
RD0914.wav,,S48.SDS,39,S48.SDS,146,,
RD0915.wav,,S48.SDS,43,S48.SDS,148,,
RD0916.wav,,S48.SDS,38,,,,
RD0917.wav,,S48.SDS,109,,,,
RD0918.wav,,S48.SDS,111,,,,
RD0919.wav,,S48.SDS,113,,,,
RD0920.wav,,S48.SDS,117,,,,
RD0921.wav,,S48.SDS,50,,,,
RD0922.wav,,S48.SDS,51,,,,
RD0923.wav,,S48.SDS,55,,,,
RD0924.wav,,S48.SDS,101,S48.SDS,204,S48.SDS,205
RD0925.wav,,S48.SDS,142,,,,
RD0926.wav,,S48.SDS,140,,,,
RD0927.wav,,S48.SDS,103,,,,
RD1001.wav,,S45.SDS,1,,,,
RD1002.wav,,S45.SDS,9,,,,
RD1003.wav,,S45.SDS,5,,,,
RD1004.wav,,S45.SDS,6,,,,
RD1005.wav,,S45.SDS,2,,,,
RD1006.wav,,S45.SDS,3,,,,
RD1101.wav,,S86.SDS,1,,,,
RD1201.wav,,S16.SDS,77,,,,
RD1202.wav,,S16.SDS,78,,,,
RD1203.wav,,S16.SDS,1,,,,
RD1204.wav,,S16.SDS,3,,,,
RD1205.wav,,S16.SDS,4,,,,
RD1206.wav,,S16.SDS,44,,,,
RD1207.wav,,S16.SDS,54,,,,
RD1208.wav,,S16.SDS,52,,,,
RD1209.wav,,S16.SDS,5,,,,
RD1210.wav,,S16.SDS,42,,,,
RD1211.wav,,S16.SDS,7,,,,
RD1212.wav,,S16.SDS,8,,,,
RD1213.wav,,S16.SDS,9,,,,
RD1214.wav,,S16.SDS,18,,,,
RD1215.wav,,S16.SDS,19,,,,
RD1216.wav,,S16.SDS,20,,,,
RD1217.wav,,S16.SDS,15,,,,
RD1218.wav,,S16.SDS,16,,,,
RD1219.wav,,S16.SDS,17,,,,
RD1220.wav,,S16.SDS,32,,,,
RD1221.wav,,S16.SDS,33,,,,
RD1222.wav,,S16.SDS,34,,,,
RD1301A.wav,,S18.SDS,105,,,,
RD1301B.wav,,S18.SDS,109,,,,
RD1301C.wav,,S18.SDS,113,,,,
RD1302A.wav,,S18.SDS,115,,,,
RD1302B.wav,,S18.SDS,117,,,,
RD1303.wav,,S18.SDS,127,,,,
RD1304A.wav,,S18.SDS,121,,,,
RD1304B.wav,,S18.SDS,125,,,,
RD1305.wav,,S18.SDS,129,,,,
RD1306.wav,,S18.SDS,130,,,,
RD1307.wav,,S18.SDS,131,,,,
RD1308.wav,,S18.SDS,139,,,,
RD1401.wav,,S18.SDS,133,,,,
RD1402.wav,,S18.SDS,134,,,,
RD1403.wav,,S18.SDS,132,,,,
RD1404.wav,,S18.SDS,136,,,,
RD1405.wav,,S18.SDS,137,,,,
RD1406.wav,,S18.SDS,135,,,,
RD1501A1.wav,,,,,,,
RD1501B.wav,,,,,,,
RD1502.wav,,,,,,,
RD1503.wav,,,,,,,
RD1504.wav,,,,,,,
RD1505.wav,,,,,,,
RD1601A.wav,,,,,,,
RD1601B.wav,,,,,,,
RD1602.wav,,,,,,,
RD1603.wav,,,,,,,
RD1604.wav,,,,,,,
RD1605.wav,,,,,,,
RD1606A.wav,,,,,,,
RD1606B.wav,,,,,,,
RD1606C.wav,,,,,,,
RD1607A.wav,,,,,,,
RD1607B.wav,,,,,,,
RD1607C.wav,,,,,,,
RD1608.wav,,,,,,,
RD1609.wav,,,,,,,
RD1610.wav,,,,,,,
RD1611.wav,,,,,,,
RD1612.wav,,,,,,,
RD1613.wav,,,,,,,
RD1701.wav,,,,,,,
RD1702.wav,,,,,,,
RD1703.wav,,,,,,,
RD1704A.wav,,,,,,,
RD1704B.wav,,,,,,,
RD1705.wav,,,,,,,
RD1706A.wav,,,,,,,
RD1706B.wav,,,,,,,
RD1706D.wav,,,,,,,
RD1707A.wav,,,,,,,
RD1707B.wav,,,,,,,
RD1708.wav,,,,,,,
RD1709A.wav,,,,,,,
RD1709B.wav,,,,,,,
RD1710.wav,,,,,,,
RD1711A.wav,,,,,,,
RD1711B.wav,,,,,,,
RD1712.wav,,,,,,,
RD1713.wav,,,,,,,
RD1714.wav,,,,,,,
RD1715.wav,,,,,,,
RD1801A.wav,,,,,,,
RD1801B.wav,,,,,,,
RD1802A.wav,,,,,,,
RD1802B.wav,,,,,,,
RD1803A.wav,,,,,,,
RD1803B.wav,,,,,,,
RD1805.wav,,,,,,,
RD1806.wav,,,,,,,
RD1807.wav,,,,,,,
RD1808.wav,,,,,,,
RD1809.wav,,,,,,,
RD1901.wav,,,,,,,
RD1902.wav,,,,,,,
RD1903.wav,,,,,,,
RD1904.wav,,,,,,,
RD1905.wav,,,,,,,
RD1906.wav,,,,,,,
RD1907.wav,,,,,,,
RD1908.wav,,,,,,,
RD1909.wav,,,,,,,
RD1910.wav,,,,,,,
RD1911.wav,,,,,,,
RD1912.wav,,,,,,,
RD1913.wav,,,,,,,
RD1914.wav,,,,,,,
RD1915.wav,,,,,,,
RD1916.wav,,,,,,,
RD1917.wav,,,,,,,
RD1918.wav,,,,,,,
RD1919.wav,,,,,,,
RD1920.wav,,,,,,,
RD1921.wav,,,,,,,
RD1922.wav,,,,,,,
RD1923.wav,,,,,,,
RD2001A.wav,,,,,,,
RD2001B.wav,,,,,,,
RD2002.wav,,,,,,,
RD2003.wav,,,,,,,
RD2004.wav,,,,,,,
RD2005.wav,,,,,,,
RD2006.wav,,,,,,,
RD2007.wav,,,,,,,
RD2008.wav,,,,,,,
RD2009.wav,,,,,,,
RD2010A.wav,,,,,,,
RD2010B.wav,,,,,,,
RD2010C.wav,,,,,,,
RD2010D.wav,,,,,,,
RD2011.wav,,,,,,,
RD2012.wav,,,,,,,
RD2013A.wav,,,,,,,
RD2013B.wav,,,,,,,
RD2013C.wav,,,,,,,
RD2014.wav,,,,,,,
RD2015A.wav,,,,,,,
RD2015B.wav,,,,,,,
RD2015C.wav,,,,,,,
RD2015D.wav,,,,,,,
RD2015E.wav,,,,,,,
RD2016A.wav,,,,,,,
RD2016B.wav,,,,,,,
RD2016C.wav,,,,,,,
RD2017.wav,,,,,,,
RD2018.wav,,,,,,,
RD2019.wav,,,,,,,
RD2020.wav,,,,,,,
RD2021.wav,,,,,,,
RD2022.wav,,,,,,,
RD2023A.wav,,,,,,,
RD2023B.wav,,,,,,,
RD2023C.wav,,,,,,,
RD2024.wav,,,,,,,
RD2025A.wav,,,,,,,
RD2025B.wav,,,,,,,
RD2025C.wav,,,,,,,
RD2026.wav,,,,,,,
RD2027A.wav,,,,,,,
RD2027B.wav,,,,,,,
RD2028.wav,,,,,,,
RD2029A.wav,,,,,,,
RD2029B.wav,,,,,,,
RD2029C.wav,,,,,,,
RD2030.wav,,,,,,,
RD2031.wav,,,,,,,
RD2032A.wav,,,,,,,
RD2032B.wav,,,,,,,
RD2033.wav,,,,,,,
RD2034.wav,,,,,,,
RD2035A.wav,,,,,,,
RD2035B.wav,,,,,,,
RD2035C.wav,,,,,,,
RD2036A.wav,,,,,,,
RD2036B.wav,,,,,,,
RD2036C.wav,,,,,,,
RD2037.wav,,,,,,,
RD2038.wav,,,,,,,
RD2039A.wav,,,,,,,
RD2039B.wav,,,,,,,
RD2040A.wav,,,,,,,
RD2040B.wav,,,,,,,
RD2041.wav,,,,,,,
RD2042.wav,,,,,,,
RD2043A.wav,,,,,,,
RD2043B.wav,,,,,,,
RD2043C.wav,,,,,,,
RD2043D.wav,,,,,,,
RD2044.wav,,,,,,,
RD2045A.wav,,,,,,,
RD2045B.wav,,,,,,,
RD2045C.wav,,,,,,,
RD2046A.wav,,,,,,,
RD2046B.wav,,,,,,,
RD2046C.wav,,,,,,,
RD2046D.wav,,,,,,,
RD2047.wav,,,,,,,
RD2048.wav,,,,,,,
RD2049.wav,,,,,,,
RD2050A.wav,,,,,,,
RD2050B.wav,,,,,,,
RD2051A.wav,,,,,,,
RD2051B.wav,,,,,,,
RD2052.wav,,,,,,,
RD2101.wav,,,,,,,
RD2102A.wav,,,,,,,
RD2102B.wav,,,,,,,
RD2103.wav,,,,,,,
RD2104.wav,,,,,,,
RD2105.wav,,,,,,,
RD2106.wav,,,,,,,
RD2107.wav,,,,,,,
RD2108.wav,,,,,,,
RD2109.wav,,,,,,,
RD2201A.wav,,,,,,,
RD2201B.wav,,,,,,,
RD2301A.wav,,,,,,,
RD2301B.wav,,,,,,,
RD2401.wav,,,,,,,
RD2402.wav,,,,,,,
RD2501A.wav,,,,,,,
RD2501B.wav,,,,,,,
RD2501C.wav,,,,,,,
RD2502A.wav,,,,,,,
RD2502B.wav,,,,,,,
RD2502C.wav,,,,,,,
RD2503.wav,,,,,,,
RD2504.wav,,,,,,,
RD2505A.wav,,,,,,,
RD2505B.wav,,,,,,,
RD2601.wav,,,,,,,
RD2602.wav,,,,,,,
RD2603.wav,,,,,,,
RD2604.wav,,,,,,,
RD2605A.wav,,,,,,,
RD2605B.wav,,,,,,,
RD2606.wav,,,,,,,
RD2607.wav,,,,,,,
RD2608.wav,,,,,,,
RD2609.wav,,,,,,,
RD2701.wav,,,,,,,
RD2702.wav,,,,,,,
RD2704.wav,,,,,,,
RD2901A.wav,,,,,,,
RD2901B.wav,,,,,,,
RD2901C.wav,,,,,,,
RD2901D.wav,,,,,,,
RD3001A.wav,,,,,,,
RD3001B.wav,,,,,,,
RD3001C.wav,,,,,,,
RD3002.wav,,,,,,,
RD3003.wav,,,,,,,
RD3004.wav,,,,,,,
RD3005A.wav,,,,,,,
RD3005B.wav,,,,,,,
RD3005C.wav,,,,,,,
RD3005D.wav,,,,,,,
RD3006.wav,,,,,,,
RD3007.wav,,,,,,,
RD3008.wav,,,,,,,
RD3009.wav,,,,,,,
RD3010A.wav,,,,,,,
RD3010B.wav,,,,,,,
RD3010C1.wav,,,,,,,
RD3010C2.wav,,,,,,,
RD3010D.wav,,,,,,,
RD3010E1.wav,,,,,,,
RD3010E2.wav,,,,,,,
RD3010E3.wav,,,,,,,
RD3010F.wav,,,,,,,
RD3010G.wav,,,,,,,
RD3010H.wav,,,,,,,
RD3011A.wav,,,,,,,
RD3012A.wav,,,,,,,
RD3012B.wav,,,,,,,
RD3012C.wav,,,,,,,
RD3013.wav,,,,,,,
RD3014.wav,,,,,,,
RD3015.wav,,,,,,,
RD3016.wav,,,,,,,
RD3101.wav,,,,,,,
RD3102.wav,,,,,,,
RD3201A.wav,,,,,,,
RD3201B.wav,,,,,,,
RD3301.wav,,,,,,,
RD3302.wav,,,,,,,
RD3303.wav,,,,,,,
RD3304.wav,,,,,,,
RD3305.wav,,,,,,,
RD3306.wav,,,,,,,
RD3307.wav,,,,,,,
RD3308.wav,,,,,,,
RD3309.wav,,,,,,,
RD3310.wav,,,,,,,
RD3311.wav,,,,,,,
RD3312A.wav,,,,,,,
RD3312B.wav,,,,,,,
RD3312C.wav,,,,,,,
RD3314.wav,,,,,,,
RD3315.wav,,,,,,,
RD3316.wav,,,,,,,
RD3317.wav,,,,,,,
RD3318.wav,,,,,,,
RD3319.wav,,,,,,,
RD3401A.wav,,,,,,,
RD3401C.wav,,,,,,,
RD3401D.wav,,,,,,,
RD3402.wav,,,,,,,
RD3403.wav,,,,,,,
RD3404.wav,,,,,,,
RD3405.wav,,,,,,,
RD3406A.wav,,,,,,,
RD3406B.wav,,,,,,,
RD3407A1.wav,,,,,,,
RD3407A2.wav,,,,,,,
RD3407B.wav,,,,,,,
RD3407C.wav,,,,,,,
RD3407D.wav,,,,,,,
RD3408.wav,,,,,,,
RD3409.wav,,,,,,,
RD3410.wav,,,,,,,
RD3411A.wav,,,,,,,
RD3411B.wav,,,,,,,
RD3411C.wav,,,,,,,
RD3412.wav,,,,,,,
RD3413.wav,,,,,,,
RD3501.wav,,,,,,,
RD3502.wav,,,,,,,
RD3601.wav,,,,,,,
RD3602.wav,,,,,,,
RD3603.wav,,,,,,,
RD3604.wav,,,,,,,
RD3605.wav,,,,,,,
RD3606.wav,,,,,,,
RD3607.wav,,,,,,,
RD3608.wav,,,,,,,
RD3609.wav,,,,,,,
RD3610.wav,,,,,,,
RD3611.wav,,,,,,,
RD3612.wav,,,,,,,
RD3613.wav,,,,,,,
RD3614.wav,,,,,,,
RD3615.wav,,,,,,,
RD3616.wav,,,,,,,
RD3617.wav,,,,,,,
RD3618.wav,,,,,,,
RD3619A.wav,,,,,,,
RD3619B.wav,,,,,,,
RD3619C.wav,,,,,,,
RD3619D.wav,,,,,,,
RD3619E.wav,,,,,,,
RD3620.wav,,,,,,,
RD3621.wav,,,,,,,
RD3622.wav,,,,,,,
RD3623.wav,,,,,,,
RD3624.wav,,,,,,,
RD3625.wav,,,,,,,
RD3626.wav,,,,,,,
RD3627.wav,,,,,,,
RD3701.wav,,,,,,,
RD3702.wav,,,,,,,
RD3703.wav,,,,,,,
RD3704.wav,,,,,,,
RD3705.wav,,,,,,,
RD3706.wav,,,,,,,
RD3707.wav,,,,,,,
RD3708A.wav,,,,,,,
RD3708B.wav,,,,,,,
RD3708C.wav,,,,,,,
RD3709.wav,,,,,,,
RD3710.wav,,,,,,,
RD3711.wav,,,,,,,
RD3712.wav,,,,,,,
RD3713.wav,,,,,,,
RD3714.wav,,,,,,,
RD3715.wav,,,,,,,
RD3716.wav,,,,,,,
RD3717.wav,,,,,,,
RD3801A.wav,,,,,,,
RD3801B.wav,,,,,,,
RD3802.wav,,,,,,,
RD3803.wav,,,,,,,
RD3804.wav,,,,,,,
RD3805.wav,,,,,,,
RD3806.wav,,,,,,,
RD3807.wav,,,,,,,
RD3808.wav,,,,,,,
RD3809.wav,,,,,,,
RD3810.wav,,,,,,,
RD3811A.wav,,,,,,,
RD3811B.wav,,,,,,,
RD3812.wav,,,,,,,
RD3813.wav,,,,,,,
RD3814.wav,,,,,,,
RD3815.wav,,,,,,,
RD3816.wav,,,,,,,
RD3817.wav,,,,,,,
RD3818.wav,,,,,,,
RD3819.wav,,,,,,,
rd3820.wav,,,,,,,
RD3821A.wav,,,,,,,
RD3821B.wav,,,,,,,
RD3901A.wav,,,,,,,
RD3901B.wav,,,,,,,
RD4001A.wav,,,,,,,
RD4001B.wav,,,,,,,
RD4001C.wav,,,,,,,
RD4001D.wav,,,,,,,
RD4001E.wav,,,,,,,
RD4001F.wav,,,,,,,
RD4001G.wav,,,,,,,
RD4001H.wav,,,,,,,
RD4001I.wav,,,,,,,
RD4002.wav,,,,,,,
RD4003.wav,,,,,,,
RD4004A.wav,,,,,,,
RD4004B.wav,,,,,,,
RD4101.wav,,,,,,,
RD4201A.wav,,,,,,,
RD4201B.wav,,,,,,,
RD4301.wav,,,,,,,
RD4401A.wav,,,,,,,
RD4401B.wav,,,,,,,
RD4402.wav,,,,,,,
RD4501A.wav,,,,,,,
RD4501B.wav,,,,,,,
RD4501C.wav,,,,,,,
RD4601A.wav,,,,,,,
RD4601B.wav,,,,,,,
RD4602A.wav,,,,,,,
RD4602B.wav,,,,,,,
RD4602C.wav,,,,,,,
RD4603.wav,,,,,,,
RD4701.wav,,,,,,,
RD4801.wav,,,,,,,
RD4901A.wav,,,,,,,
RD4901B.wav,,,,,,,
RD5001.wav,,,,,,,
RD5002A.wav,,,,,,,
RD5101.wav,,,,,,,
RD5102.wav,,,,,,,
RD5103.wav,,,,,,,
RD5104.wav,,,,,,,
RD5105.wav,,,,,,,
RD5201.wav,,,,,,,
RD5202A.wav,,,,,,,
RD5202B.wav,,,,,,,
RD5203A.wav,,,,,,,
RD5203B.wav,,,,,,,
RD5203C.wav,,,,,,,
RD5203D.wav,,,,,,,
RD5203E.wav,,,,,,,
RD5204A.wav,,,,,,,
RD5204B.wav,,,,,,,
RD5205A.wav,,,,,,,
RD5206B.wav,,,,,,,
RD5206C.wav,,,,,,,
RD5206D.wav,,,,,,,
RD5207.wav,,,,,,,
RD5208.wav,,,,,,,
RD5209.wav,,,,,,,
RD5210.wav,,,,,,,
RD5211.wav,,,,,,,
RD5212A.wav,,,,,,,
RD5212B.wav,,,,,,,
RD5213.wav,,,,,,,
RD5214.wav,,,,,,,
RD5215.wav,,,,,,,
RD5216A.wav,,,,,,,
RD5216B.wav,,,,,,,
RD5217.wav,,,,,,,
RD5218A.wav,,,,,,,
RD5218B.wav,,,,,,,
RD5218C.wav,,,,,,,
RD5219.wav,,,,,,,
RD5220.wav,,,,,,,
RD5301.wav,,,,,,,
RD5302.wav,,,,,,,
RD5303.wav,,,,,,,
RD5304.wav,,,,,,,
RD5305.wav,,,,,,,
RD5401.wav,,,,,,,
RD5402.wav,,,,,,,
RD5403B.wav,,,,,,,
RD5502.wav,,,,,,,
RD5503.wav,,,,,,,
RD5601A.wav,,,,,,,
RD5601B.wav,,,,,,,
RD5701A.wav,,,,,,,
RD5701B.wav,,,,,,,
RD5801.wav,,,,,,,
RD5901.wav,,,,,,,
RD6001A.wav,,,,,,,
RD6001B.wav,,,,,,,
RD6001C.wav,,,,,,,
RD6002.wav,,,,,,,
RD6003.wav,,,,,,,
RD6004.wav,,,,,,,
RD6005.wav,,,,,,,
RD6006A.wav,,,,,,,
RD6006B.wav,,,,,,,
RD6006C.wav,,,,,,,
RD6101A.wav,,,,,,,
RD6101B.wav,,,,,,,
RD6101C.wav,,,,,,,
RD6101D.wav,,,,,,,
RD6101E.wav,,,,,,,
RD6101F.wav,,,,,,,
RD6201A.wav,,,,,,,
RD6201B.wav,,,,,,,
RD6201C.wav,,,,,,,
RD6202A.wav,,,,,,,
RD6202B.wav,,,,,,,
RD6202C.wav,,,,,,,
RD6202D.wav,,,,,,,
RD6301A.wav,,,,,,,
RD6301B.wav,,,,,,,
RD6301C.wav,,,,,,,
RD6301D.wav,,,,,,,
RD6401.wav,,,,,,,
RD6402.wav,,,,,,,
RD6404.wav,,,,,,,
RD6405.wav,,,,,,,
RD6406.wav,,,,,,,
RD6407.wav,,,,,,,
rd6501.wav,,,,,,,
RD6502.wav,,,,,,,
RD6503.wav,,,,,,,
RD6504.wav,,,,,,,
RD6505.wav,,,,,,,
RD6506.wav,,,,,,,
RD6507.wav,,,,,,,
RD6508.wav,,,,,,,
RD6509.wav,,,,,,,
RD6510.wav,,,,,,,
RD6511.wav,,,,,,,
RD6513.wav,,,,,,,
RD6514.wav,,,,,,,
RD6515.wav,,,,,,,
RD6516.wav,,,,,,,
RD6517.wav,,,,,,,
RD6518.wav,,,,,,,
RD6519.wav,,,,,,,
RD6520.wav,,,,,,,
RD6521.wav,,,,,,,
RD6522.wav,,,,,,,
RD6523.wav,,,,,,,
RD6601.wav,,,,,,,
RD6602.wav,,,,,,,
RD6603.wav,,,,,,,
RD6604E.wav,,,,,,,
RD6701.wav,,,,,,,
RD6702.wav,,,,,,,
RD6801A.wav,,,,,,,
RD6802.wav,,,,,,,
RD6803.wav,,,,,,,
RD6804.wav,,,,,,,
RD6805.wav,,,,,,,
RD6901.wav,,,,,,,
RD6902.wav,,,,,,,
RD6903.wav,,,,,,,
RD6904.wav,,,,,,,
RD6905.wav,,,,,,,
RD6906.wav,,,,,,,
RD7001.wav,,,,,,,
RD7002.wav,,,,,,,
RD7101.wav,,,,,,,
RD7102.wav,,,,,,,
RD7103.wav,,,,,,,
RD7201.wav,,,,,,,
RD7202.wav,,,,,,,
RD7301.wav,,,,,,,
RD7302.wav,,,,,,,
RD7303.wav,,,,,,,
RD7304.wav,,,,,,,
RD7305.wav,,,,,,,
RD7306.wav,,,,,,,
RD7401.wav,,,,,,,
RD7402.wav,,,,,,,
RD7403.wav,,,,,,,
RD7404.wav,,,,,,,
RD7405.wav,,,,,,,
RD7406.wav,,,,,,,
RD7407.wav,,,,,,,
RD7408.wav,,,,,,,
RD7501.wav,,,,,,,
RD7502.wav,,,,,,,
RD7503.wav,,,,,,,
RD7504.wav,,,,,,,
RD7505.wav,,,,,,,
RD7506.wav,,,,,,,
RD7507.wav,,,,,,,
RD7508.wav,,,,,,,
RD7509.wav,,,,,,,
RD7601.wav,,,,,,,
RD7602.wav,,,,,,,
RD7603.wav,,,,,,,
RD7701.wav,,,,,,,
RD7702.wav,,,,,,,
RD7703.wav,,,,,,,
RD7704.wav,,,,,,,
RD7705.wav,,,,,,,
RD7706.wav,,,,,,,
RD7707.wav,,,,,,,
RD7708.wav,,,,,,,
RD7709.wav,,,,,,,
RD7710.wav,,,,,,,
RD7711.wav,,,,,,,
RD7712.wav,,,,,,,
RD7801.wav,,,,,,,
RD7901.wav,,,,,,,
RD7903.wav,,,,,,,
RD8001.wav,,,,,,,
RD8101.wav,,,,,,,
RD8102.wav,,,,,,,
RD8103.wav,,,,,,,
RD8104.wav,,,,,,,
RD8105.wav,,,,,,,
RD8106.wav,,,,,,,
RD8107.wav,,,,,,,
RD8108.wav,,,,,,,
RD8109.wav,,,,,,,
RD8110.wav,,,,,,,
RD8111.wav,,,,,,,
RD8112.wav,,,,,,,
RD8113.wav,,,,,,,
RD8114.wav,,,,,,,
RD8115.wav,,,,,,,
RD8116.wav,,,,,,,
RD8117.wav,,,,,,,
RD8118.wav,,,,,,,
RD8119.wav,,,,,,,
RD8120.wav,,,,,,,
RD8201.wav,,,,,,,
RD8202.wav,,,,,,,
RD8203.wav,,,,,,,
RD8205.wav,,,,,,,
RD8301.wav,,,,,,,
RD8302.wav,,,,,,,
RD8303.wav,,,,,,,
RD8401.wav,,,,,,,
RD8501A.wav,,,,,,,
RE0201C.wav,,,,,,,
RE0201E.wav,,,,,,,
RE0201F.wav,,,,,,,
RE0301.wav,,,,,,,
RE0302A.wav,,,,,,,
RE0302B.wav,,,,,,,
RE0401A.wav,,,,,,,
RE0501A.wav,,,,,,,
RE0501B.wav,,,,,,,
RE0501C.wav,,,,,,,
RE0509A.wav,,,,,,,
RE0509C.wav,,,,,,,
RE0601A.wav,,,,,,,
RE0601B.wav,,,,,,,
RE0602.wav,,,,,,,
RE0603A.wav,,,,,,,
RE0603B.wav,,,,,,,
RE0605.wav,,,,,,,
RE0608.wav,,,,,,,
RE0609A.wav,,,,,,,
RE0609B.wav,,,,,,,
RE0701A.wav,,,,,,,
RE0701B.wav,,,,,,,
RE0802A.wav,,,,,,,
RE0802B.wav,,,,,,,
RE0803.wav,,,,,,,
RE0804.wav,,,,,,,
RE0805.wav,,,,,,,
RE0806A.wav,,,,,,,
RE0807A.wav,,,,,,,
RE0808.wav,,,,,,,
RE0809B.wav,,,,,,,
RE0810B.wav,,,,,,,
RE0811.wav,,,,,,,
RE0812.wav,,,,,,,
RE0901A.wav,,,,,,,
RE0901B.wav,,,,,,,
RE0902.wav,,,,,,,
RE0906.wav,,,,,,,
RE0907.wav,,,,,,,
RE0908.wav,,,,,,,
RE0909.wav,,,,,,,
RE0914.wav,,,,,,,
RE0915.wav,,,,,,,
RE0918.wav,,,,,,,
RE0919.wav,,,,,,,
RE0920.wav,,,,,,,
RE0922.wav,,,,,,,
RE0926.wav,,,,,,,
RE0927.wav,,,,,,,
RE1002.wav,,,,,,,
RE1101.wav,,,,,,,
RE1202.wav,,,,,,,
RE1206.wav,,,,,,,
RE1210.wav,,,,,,,
RE1216.wav,,,,,,,
RE1301A.wav,,,,,,,
RE1301B.wav,,,,,,,
RE1302A.wav,,,,,,,
RE1302B.wav,,,,,,,
RE1303.wav,,,,,,,
RE1304A.wav,,,,,,,
RE1304B.wav,,,,,,,
RE1501A1.wav,,,,,,,
RE1501B.wav,,,,,,,
RE1601A.wav,,,,,,,
RE1601B.wav,,,,,,,
RE1603.wav,,,,,,,
RE1604.wav,,,,,,,
RE1605.wav,,,,,,,
RE1606A.wav,,,,,,,
RE1606B.wav,,,,,,,
RE1606C.wav,,,,,,,
RE1607A.wav,,,,,,,
RE1607B.wav,,,,,,,
RE1607C.wav,,,,,,,
RE1612.wav,,,,,,,
RE1701.wav,,,,,,,
RE1704A.wav,,,,,,,
RE1704B.wav,,,,,,,
RE1705.wav,,,,,,,
RE1706A.wav,,,,,,,
RE1706B.wav,,,,,,,
RE1706D.wav,,,,,,,
RE1707A.wav,,,,,,,
RE1707B.wav,,,,,,,
RE1708.wav,,,,,,,
RE1709A.wav,,,,,,,
RE1709B.wav,,,,,,,
RE1711A.wav,,,,,,,
RE1711B.wav,,,,,,,
RE1801A.wav,,,,,,,
RE1802B.wav,,,,,,,
RE1803A.wav,,,,,,,
RE1803B.wav,,,,,,,
RE1911.wav,,,,,,,
RE1913.wav,,,,,,,
RE1915.wav,,,,,,,
RE1917.wav,,,,,,,
RE1919.wav,,,,,,,
RE1920.wav,,,,,,,
RE2001A.wav,,,,,,,
RE2001B.wav,,,,,,,
RE2005.wav,,,,,,,
RE2007.wav,,,,,,,
RE2009.wav,,,,,,,
RE2010A.wav,,,,,,,
RE2010B.wav,,,,,,,
RE2012.wav,,,,,,,
RE2013C.wav,,,,,,,
RE2014.wav,,,,,,,
RE2015A.wav,,,,,,,
RE2015B.wav,,,,,,,
RE2015C.wav,,,,,,,
RE2015E.wav,,,,,,,
RE2016A.wav,,,,,,,
RE2016B.wav,,,,,,,
RE2017.wav,,,,,,,
RE2018.wav,,,,,,,
RE2020.wav,,,,,,,
RE2021.wav,,,,,,,
RE2022.wav,,,,,,,
RE2023A.wav,,,,,,,
RE2023B.wav,,,,,,,
RE2023C.wav,,,,,,,
RE2024.wav,,,,,,,
RE2025A.wav,,,,,,,
RE2025B.wav,,,,,,,
RE2027A.wav,,,,,,,
RE2027B.wav,,,,,,,
RE2028.wav,,,,,,,
RE2029A.wav,,,,,,,
RE2030.wav,,,,,,,
RE2032A.wav,,,,,,,
RE2033.wav,,,,,,,
RE2034.wav,,,,,,,
RE2035A.wav,,,,,,,
RE2035B.wav,,,,,,,
RE2036A.wav,,,,,,,
RE2036C.wav,,,,,,,
RE2037.wav,,,,,,,
RE2038.wav,,,,,,,
RE2039A.wav,,,,,,,
RE2040A.wav,,,,,,,
RE2041.wav,,,,,,,
RE2042.wav,,,,,,,
RE2043A.wav,,,,,,,
RE2043B.wav,,,,,,,
RE2043C.wav,,,,,,,
RE2043D.wav,,,,,,,
RE2044.wav,,,,,,,
RE2045A.wav,,,,,,,
RE2045B.wav,,,,,,,
RE2046A.wav,,,,,,,
RE2102A.wav,,,,,,,
RE2102B.wav,,,,,,,
RE2103.wav,,,,,,,
RE2201B.wav,,,,,,,
RE2301A.wav,,,,,,,
RE2301B.wav,,,,,,,
RE2401.wav,,,,,,,
RE2504.wav,,,,,,,
RE2505A.wav,,,,,,,
RE2603.wav,,,,,,,
RE2604.wav,,,,,,,
RE2605A.wav,,,,,,,
RE2605B.wav,,,,,,,
RE2606.wav,,,,,,,
RE2608.wav,,,,,,,
RE2901A.wav,,,,,,,
RE2901B.wav,,,,,,,
RE2901C.wav,,,,,,,
RE3001A.wav,,,,,,,
RE3001B.wav,,,,,,,
RE3001C.wav,,,,,,,
RE3002.wav,,,,,,,
RE3005A.wav,,,,,,,
RE3005C.wav,,,,,,,
RE3005D.wav,,,,,,,
RE3009.wav,,,,,,,
RE3010B.wav,,,,,,,
RE3010C2.wav,,,,,,,
RE3010D.wav,,,,,,,
RE3010E3.wav,,,,,,,
RE3010F.wav,,,,,,,
RE3010G.wav,,,,,,,
RE3010H.wav,,,,,,,
RE3011A.wav,,,,,,,
RE3012A.wav,,,,,,,
RE3012B.wav,,,,,,,
RE3014.wav,,,,,,,
RE3102.wav,,,,,,,
RE3201A.wav,,,,,,,
RE3201B.wav,,,,,,,
RE3304.wav,,,,,,,
RE3312A.wav,,,,,,,
RE3312B.wav,,,,,,,
RE3312C.wav,,,,,,,
RE3314.wav,,,,,,,
RE3318.wav,,,,,,,
RE3319.wav,,,,,,,
RE3401A.wav,,,,,,,
RE3401C.wav,,,,,,,
RE3401D.wav,,,,,,,
RE3402.wav,,,,,,,
RE3404.wav,,,,,,,
RE3405.wav,,,,,,,
RE3406B.wav,,,,,,,
RE3407A2.wav,,,,,,,
RE3407B.wav,,,,,,,
RE3407D.wav,,,,,,,
RE3410.wav,,,,,,,
RE3411A.wav,,,,,,,
RE3411B.wav,,,,,,,
RE3501.wav,,,,,,,
RE3602.wav,,,,,,,
RE3603.wav,,,,,,,
RE3604.wav,,,,,,,
RE3605.wav,,,,,,,
RE3606.wav,,,,,,,
RE3607.wav,,,,,,,
RE3609.wav,,,,,,,
RE3610.wav,,,,,,,
RE3611.wav,,,,,,,
RE3613.wav,,,,,,,
RE3617.wav,,,,,,,
RE3619B.wav,,,,,,,
RE3619C.wav,,,,,,,
RE3619D.wav,,,,,,,
RE3619E.wav,,,,,,,
RE3627.wav,,,,,,,
RE3701.wav,,,,,,,
RE3702.wav,,,,,,,
RE3703.wav,,,,,,,
RE3704.wav,,,,,,,
RE3705.wav,,,,,,,
RE3706.wav,,,,,,,
RE3708A.wav,,,,,,,
RE3710.wav,,,,,,,
RE3711.wav,,,,,,,
RE3712.wav,,,,,,,
RE3713.wav,,,,,,,
RE3714.wav,,,,,,,
RE3715.wav,,,,,,,
RE3716.wav,,,,,,,
RE3717.wav,,,,,,,
RE3801A.wav,,,,,,,
RE3801B.wav,,,,,,,
RE3802.wav,,,,,,,
RE3803.wav,,,,,,,
RE3804.wav,,,,,,,
RE3808.wav,,,,,,,
RE3809.wav,,,,,,,
RE3810.wav,,,,,,,
RE3811A.wav,,,,,,,
RE3811B.wav,,,,,,,
RE3812.wav,,,,,,,
RE3813.wav,,,,,,,
RE3814.wav,,,,,,,
RE3815.wav,,,,,,,
RE3820.wav,,,,,,,
RE3821A.wav,,,,,,,
RE3821B.wav,,,,,,,
RE3901A.wav,,,,,,,
RE3901B.wav,,,,,,,
RE4001F.wav,,,,,,,
RE4001H.wav,,,,,,,
RE4001I.wav,,,,,,,
RE4003.wav,,,,,,,
RE4004A.wav,,,,,,,
RE4004B.wav,,,,,,,
RE4201A.wav,,,,,,,
RE4201B.wav,,,,,,,
RE4301.wav,,,,,,,
RE4401A.wav,,,,,,,
RE4401B.wav,,,,,,,
RE4501A.wav,,,,,,,
RE4501B.wav,,,,,,,
RE4501C.wav,,,,,,,
RE4601B.wav,,,,,,,
RE4602C.wav,,,,,,,
RE4603.wav,,,,,,,
RE4701.wav,,,,,,,
RE4801.wav,,,,,,,
RE4901B.wav,,,,,,,
RE5001.wav,,,,,,,
RE5102.wav,,,,,,,
RE5103.wav,,,,,,,
RE5203A.wav,,,,,,,
RE5203B.wav,,,,,,,
RE5203C.wav,,,,,,,
RE5203E.wav,,,,,,,
RE5204A.wav,,,,,,,
RE5204B.wav,,,,,,,
RE5205A.wav,,,,,,,
RE5206C.wav,,,,,,,
RE5209.wav,,,,,,,
RE5211.wav,,,,,,,
RE5212A.wav,,,,,,,
RE5213.wav,,,,,,,
RE5214.wav,,,,,,,
RE5215.wav,,,,,,,
RE5218A.wav,,,,,,,
RE5218B.wav,,,,,,,
RE5218C.wav,,,,,,,
RE5304.wav,,,,,,,
RE5401.wav,,,,,,,
RE5402.wav,,,,,,,
RE5403B.wav,,,,,,,
RE5601A.wav,,,,,,,
RE5801.wav,,,,,,,
RE5901.wav,,,,,,,
RE6001A.wav,,,,,,,
RE6001B.wav,,,,,,,
RE6001C.wav,,,,,,,
RE6002.wav,,,,,,,
RE6003.wav,,,,,,,
RE6004.wav,,,,,,,
RE6006A.wav,,,,,,,
RE6006B.wav,,,,,,,
RE6006C.wav,,,,,,,
RE6006D.wav,,,,,,,
RE6101A.wav,,,,,,,
RE6101B.wav,,,,,,,
RE6201A.wav,,,,,,,
RE6201C.wav,,,,,,,
RE6202B.wav,,,,,,,
RE6202C.wav,,,,,,,
RE6202D.wav,,,,,,,
RE6301B.wav,,,,,,,
RE6301D.wav,,,,,,,
RE6405.wav,,,,,,,
RE6407.wav,,,,,,,
RE6501.wav,,,,,,,
RE6505.wav,,,,,,,
RE6506.wav,,,,,,,
RE6508.wav,,,,,,,
RE6518.wav,,,,,,,
RE6521.wav,,,,,,,
RE6522.wav,,,,,,,
RE6905.wav,,,,,,,
RE6906.wav,,,,,,,
RE7101.wav,,,,,,,
RE7102.wav,,,,,,,
RE7202.wav,,,,,,,
RE7305.wav,,,,,,,
RE7306.wav,,,,,,,
RE7401.wav,,,,,,,
RE7408.wav,,,,,,,
RE8103.wav,,,,,,,
RE8111.wav,,,,,,,
RE8201.wav,,,,,,,
RE8202.wav,,,,,,,
RE8205.wav,,,,,,,
RE8302.wav,,,,,,,
RE8303.wav,,,,,,,
RE8401.wav,,,,,,,
RE8501A.wav,,,,,,,
RF0301.wav,,,,,,,
RF0302A.wav,,,,,,,
RF0302B.wav,,,,,,,
RF0501A.wav,,,,,,,
RF0501B.wav,,,,,,,
RF0509C.wav,,,,,,,
RF0601A.wav,,,,,,,
RF0601B.wav,,,,,,,
RF0605.wav,,,,,,,
RF0608.wav,,,,,,,
RF0609A.wav,,,,,,,
RF0701B.wav,,,,,,,
RF0803.wav,,,,,,,
RF0806A.wav,,,,,,,
RF0810B.wav,,,,,,,
RF0907.wav,,,,,,,
RF0908.wav,,,,,,,
RF0919.wav,,,,,,,
RF0920.wav,,,,,,,
RF0922.wav,,,,,,,
RF0927.wav,,,,,,,
RF1301A.wav,,,,,,,
RF1301B.wav,,,,,,,
RF1302B.wav,,,,,,,
RF1304A.wav,,,,,,,
RF1501A1.wav,,,,,,,
RF1501B.wav,,,,,,,
RF1601A.wav,,,,,,,
RF1601B.wav,,,,,,,
RF1607B.wav,,,,,,,
RF1704B.wav,,,,,,,
RF1705.wav,,,,,,,
RF1706A.wav,,,,,,,
RF1706B.wav,,,,,,,
RF1707B.wav,,,,,,,
RF1709A.wav,,,,,,,
RF1709B.wav,,,,,,,
RF1711A.wav,,,,,,,
RF1801A.wav,,,,,,,
RF1802B.wav,,,,,,,
RF1803A.wav,,,,,,,
RF2001B.wav,,,,,,,
RF2005.wav,,,,,,,
RF2007.wav,,,,,,,
RF2014.wav,,,,,,,
RF2015C.wav,,,,,,,
RF2015E.wav,,,,,,,
RF2016A.wav,,,,,,,
RF2021.wav,,,,,,,
RF2023B.wav,,,,,,,
RF2025B.wav,,,,,,,
RF2029A.wav,,,,,,,
RF2030.wav,,,,,,,
RF2034.wav,,,,,,,
RF2035A.wav,,,,,,,
RF2036A.wav,,,,,,,
RF2037.wav,,,,,,,
RF2038.wav,,,,,,,
RF2039A.wav,,,,,,,
RF2040A.wav,,,,,,,
RF2043A.wav,,,,,,,
RF2043B.wav,,,,,,,
RF2045A.wav,,,,,,,
RF2045B.wav,,,,,,,
RF2102A.wav,,,,,,,
RF2102B.wav,,,,,,,
RF2201B.wav,,,,,,,
RF2301A.wav,,,,,,,
RF2605A.wav,,,,,,,
RF2608.wav,,,,,,,
RF2901B.wav,,,,,,,
RF2901C.wav,,,,,,,
RF3001A.wav,,,,,,,
RF3001B.wav,,,,,,,
RF3001C.wav,,,,,,,
RF3002.wav,,,,,,,
RF3005A.wav,,,,,,,
RF3005B.wav,,,,,,,
RF3005C.wav,,,,,,,
RF3005D.wav,,,,,,,
RF3009.wav,,,,,,,
RF3010B.wav,,,,,,,
RF3010C2.wav,,,,,,,
RF3010G.wav,,,,,,,
RF3010H.wav,,,,,,,
RF3012A.wav,,,,,,,
RF3012B.wav,,,,,,,
RF3201A.wav,,,,,,,
RF3304.wav,,,,,,,
RF3312C.wav,,,,,,,
RF3319.wav,,,,,,,
RF3401A.wav,,,,,,,
RF3402.wav,,,,,,,
RF3404.wav,,,,,,,
RF3407D.wav,,,,,,,
RF3410.wav,,,,,,,
RF3411A.wav,,,,,,,
RF3603.wav,,,,,,,
RF3604.wav,,,,,,,
RF3605.wav,,,,,,,
RF3606.wav,,,,,,,
RF3607.wav,,,,,,,
RF3610.wav,,,,,,,
RF3617.wav,,,,,,,
RF3619D.wav,,,,,,,
RF3701.wav,,,,,,,
RF3702.wav,,,,,,,
RF3704.wav,,,,,,,
RF3705.wav,,,,,,,
RF3706.wav,,,,,,,
RF3708A.wav,,,,,,,
RF3711.wav,,,,,,,
RF3716.wav,,,,,,,
RF3717.wav,,,,,,,
RF3801A.wav,,,,,,,
RF3802.wav,,,,,,,
RF3804.wav,,,,,,,
RF3808.wav,,,,,,,
RF3809.wav,,,,,,,
RF3811A.wav,,,,,,,
RF3811B.wav,,,,,,,
RF3813.wav,,,,,,,
RF3821A.wav,,,,,,,
RF3821B.wav,,,,,,,
RF3901A.wav,,,,,,,
RF4001H.wav,,,,,,,
RF4004B.wav,,,,,,,
RF4201B.wav,,,,,,,
RF4501A.wav,,,,,,,
RF4501C.wav,,,,,,,
RF4701.wav,,,,,,,
RF4901B.wav,,,,,,,
RF5203C.wav,,,,,,,
RF5203E.wav,,,,,,,
RF5204A.wav,,,,,,,
RF5206C.wav,,,,,,,
RF5212A.wav,,,,,,,
RF5213.wav,,,,,,,
RF5214.wav,,,,,,,
RF5218A.wav,,,,,,,
RF5304.wav,,,,,,,
RF5401.wav,,,,,,,
RF5601A.wav,,,,,,,
RF6001A.wav,,,,,,,
RF6001B.wav,,,,,,,
RF6002.wav,,,,,,,
RF6006B.wav,,,,,,,
RF6006C.wav,,,,,,,
RF6101A.wav,,,,,,,
RF6201A.wav,,,,,,,
RF6202B.wav,,,,,,,
RF6301B.wav,,,,,,,
RF6401.wav,,,,,,,
RF6402.wav,,,,,,,
RF6521.wav,,,,,,,
RF7101.wav,,,,,,,
RF8202.wav,,,,,,,
RF8302.wav,,,,,,,
RF8303.wav,,,,,,,
RF8401.wav,,,,,,,
RF8501A.wav,,,,,,,
RG0601A.wav,,,,,,,
RG0701B.wav,,,,,,,
RG0803.wav,,,,,,,
RG0907.wav,,,,,,,
RG0908.wav,,,,,,,
RG0919.wav,,,,,,,
RG0922.wav,,,,,,,
RG0927.wav,,,,,,,
RG1301A.wav,,,,,,,
RG1301B.wav,,,,,,,
RG1304A.wav,,,,,,,
RG1501A1.wav,,,,,,,
RG1501B.wav,,,,,,,
RG1601A.wav,,,,,,,
RG1607B.wav,,,,,,,
RG1706B.wav,,,,,,,
RG1801A.wav,,,,,,,
RG1803A.wav,,,,,,,
RG2001B.wav,,,,,,,
RG2016A.wav,,,,,,,
RG2030.wav,,,,,,,
RG2035A.wav,,,,,,,
RG2038.wav,,,,,,,
RG2039A.wav,,,,,,,
RG2045B.wav,,,,,,,
RG2102A.wav,,,,,,,
RG2102B.wav,,,,,,,
RG2201B.wav,,,,,,,
RG2301A.wav,,,,,,,
RG2901C.wav,,,,,,,
RG3001A.wav,,,,,,,
RG3002.wav,,,,,,,
RG3005D.wav,,,,,,,
RG3010G.wav,,,,,,,
RG3010H.wav,,,,,,,
RG3201A.wav,,,,,,,
RG3312C.wav,,,,,,,
RG3401A.wav,,,,,,,
RG3402.wav,,,,,,,
RG3404.wav,,,,,,,
RG3407D.wav,,,,,,,
RG3410.wav,,,,,,,
RG3411A.wav,,,,,,,
RG3604.wav,,,,,,,
RG3606.wav,,,,,,,
RG3610.wav,,,,,,,
RG3706.wav,,,,,,,
RG3716.wav,,,,,,,
RG3801A.wav,,,,,,,
RG3809.wav,,,,,,,
RG3811A.wav,,,,,,,
RG3811B.wav,,,,,,,
RG4004B.wav,,,,,,,
RG4501A.wav,,,,,,,
RG5203E.wav,,,,,,,
RG5204A.wav,,,,,,,
RG5206C.wav,,,,,,,
RG5212A.wav,,,,,,,
RG5218A.wav,,,,,,,
RG6001B.wav,,,,,,,
RG6101A.wav,,,,,,,
RG6202B.wav,,,,,,,
RG6301B.wav,,,,,,,
RG8401.wav,,,,,,,
RH0907.wav,,,,,,,
RH0908.wav,,,,,,,
RH0927.wav,,,,,,,
RH1501B.wav,,,,,,,
RH1801A.wav,,,,,,,
RH2001B.wav,,,,,,,
RH2102A.wav,,,,,,,
RH2102B.wav,,,,,,,
RH3001A.wav,,,,,,,
RH3312C.wav,,,,,,,
RH3401A.wav,,,,,,,
RH3404.wav,,,,,,,
RH3610.wav,,,,,,,
RH3809.wav,,,,,,,
RH3811A.wav,,,,,,,
RH3811B.wav,,,,,,,
RH5212A.wav,,,,,,,
RH6001B.wav,,,,,,,
RI0927.wav,,,,,,,
RI1801A.wav,,,,,,,
RI2038.wav,,,,,,,
RI2102B.wav,,,,,,,
RI3610.wav,,,,,,,
RI3809.wav,,,,,,,
RI3811A.wav,,,,,,,
RI6001B.wav,,,,,,,
RJ3610.wav,,,,,,,
RJ3809.wav,,,,,,,
SYOKKU2.wav,,,,,,,
